num_fish;fish_id;gon_pos;date;L_fish;W_fish;mat_estim;age;W_gon;Kurtosis;Skewness;gon_area;L_gon;width_gon;width_mid_L_gon;mean_col_index;std_dev;modal
25;210117 7D 23 130 F1;V;21/01/2017;23;130;1;3;NA;-1.086345;-0.764834;138.3189877;33.990105;10.349226;3.449742;39.04344;130.248;159.72408
29;220117 7D 23 116 F1;V;22/01/2017;23;116;1;4;NA;-1.736063;-0.140811;126.7362475;32.268285;8.718885;4.289355;355.12128;133.71624;180.702
37;230117 7D 19 72 F1;V;23/01/2017;19;72;1;2;NA;0.449743;-0.992476;76.69810703;17.343252;8.76906;3.962316;358.76448;67.39668;40.3308
39;230117 7D 21 80 F1;V;23/01/2017;21;80;1;3;NA;-1.20234;-0.228777;139.5364794;31.406416;12.259704;4.87484;331.68456;67.52412;43.3242
40;230117 7D 22 88 F1;V;23/01/2017;22;88;1;3;NA;8.654357;3.063588;130.5697832;25.876602;13.154454;4.570092;243.08316;63.8478;228.11148
44;071217 7D 30 337 F2B;D;07/12/2017;30;337;2B;3;34.57;11.876455;3.595047;2927.094635;124.764305;46.716565;24.810215;222.89508;70.72884;201.70368
44;071217 7D 30 337 F2B;V;07/12/2017;30;337;2B;3;41.29;32.612522;5.81509;3592.722107;123.235955;60.93022;28.376365;207.3636;51.7536;197.50824
46;071217 7D 34 406 F2B;V;07/12/2017;34;406;2B;4;24.9;18.666726;4.410295;2380.613673;113.439176;52.405448;17.801504;214.53048;62.17884;194.71644
46;071217 7D 34 406 F2B;D;07/12/2017;34;406;2B;4;28.72;13.974803;3.959588;2614.569719;118.0712;55.811348;18.709744;214.72488;73.67148;197.54748
47;181217 7D 21 104 F3A;D;18/12/2017;21;104;3A;1;10.96;1.211592;1.764695;1358.829783;88.90567;33.73888;12.90016;250.52544;117.17424;197.5464
47;181217 7D 21 104 F3A;V;18/12/2017;21;104;3A;1;6.8;6.826798;2.921016;1132.99138;78.51732;35.81655;9.55108;227.30652;85.06656;201.71448
49;181217 7D 25 161 F3A;V;18/12/2017;25;161;3A;2;17.42;3.881501;2.343331;2309.415304;112.8413;45.55535;19.3633;237.59028;90.14832;201.7242
49;181217 7D 25 161 F3A;D;18/12/2017;25;161;3A;2;15.27;8.406125;3.173134;1884.163443;100.2764;38.0589;17.9672;227.25972;77.81652;201.71448
50;150318 7D 29 267 F2A;V;15/03/2018;29;267;2A;3;1.919;3.6425;2.263943;595.5262722;87.309978;18.13056;8.017107;244.37304;92.18484;201.65724
50;150318 7D 29 267 F2A;D;15/03/2018;29;267;2A;3;2.16;4.859579;2.413699;547.1432085;91.247709;19.462023;7.677159;246.70404;78.40044;219.88152
51;150318 7D 29 282 F2A;V;15/03/2018;29;282;2A;2;0.519;-1.194506;0.557639;182.1258468;39.310056;15.718536;5.321808;305.39844;111.4776;180.69732
51;150318 7D 29 282 F2A;D;15/03/2018;29;282;2A;2;0.482;-1.351456;0.532951;149.4953077;34.454592;9.656064;5.376672;307.15308;125.1036;180.69984
52;150318 7D 30 271 F4;V;15/03/2018;30;271;4;4;1.86;11.149168;3.399597;652.3952026;99.5328;26.7264;7.4016;237.52224;60.31872;223.8354
52;150318 7D 30 271 F4;D;15/03/2018;30;271;4;4;1.913;12.087348;3.430823;530.0710502;86.6016;17.5392;7.3728;238.8222;55.2996;223.8354
53;150318 7D 30 302 F4;V;15/03/2018;30;302;4;4;1.904;16.716169;3.946859;699.2957089;88.637184;24.657648;8.499828;234.45972;50.9994;231.07644
53;150318 7D 30 302 F4;D;15/03/2018;30;302;4;4;1.912;7.019059;2.621832;591.3819441;90.673884;20.013972;8.445516;252.22428;60.28848;232.3962
54;150318 7D 31 287 F4;D;15/03/2018;31;287;4;4;2.765;0.408898;1.430987;667.4003987;80.507434;18.39943;8.445206;269.7948;109.4148;201.7242
54;150318 7D 31 287 F4;V;15/03/2018;31;287;4;4;2.785;0.102152;1.379731;817.014988;82.492984;25.01793;9.318848;270.531;118.0548;201.71448
55;150318 7D 32 302 F4;D;15/03/2018;32;302;4;5;2.168;2.78157;1.911329;516.2709641;80.198545;14.69853;8.01738;258.03432;78.03756;240.66216
55;150318 7D 32 302 F4;V;15/03/2018;32;302;4;5;1.963;2.385147;1.71751;596.8828494;72.230655;28.432005;7.57197;264.86676;80.55252;231.11424
56;150318 7D 32 342 F2A;V;15/03/2018;32;342;2A;4;0.67;5.784031;2.646982;297.8467316;50.95536;14.35038;5.80666;237.76524;81.79812;201.69
56;150318 7D 32 342 F2A;D;15/03/2018;32;342;2A;4;0.77;3.047458;2.133103;255.8586191;42.74418;12.68768;7.69958;243.0576;94.83696;201.73212
57;150318 7D 36 388 F4;V;15/03/2018;36;388;4;5;1.73;3.916632;2.131038;524.3532877;64.710789;24.942003;7.666272;250.64712;71.96832;216.95508
57;150318 7D 36 388 F4;D;15/03/2018;36;388;4;5;1.86;1.684235;1.660297;456.1646506;61.463271;17.116017;12.111645;260.4258;79.33608;219.744
58;150318 7D 36 523 F4;V;15/03/2018;36;523;4;5;3.828;4.301869;2.288263;1126.477862;114.263568;27.340844;10.190172;249.70968;80.07984;224.10756
58;150318 7D 36 523 F4;D;15/03/2018;36;523;4;5;4.24;3.392151;2.212782;890.6519756;108.416748;19.127454;10.385066;250.87356;90.61668;224.12916
59;110618 7D 27 206 F2A;D;11/06/2018;27;206;2A;3;0.66;10.424078;3.257278;311.2252397;40.782918;18.414682;6.384884;239.84064;67.6872;240.66216
59;110618 7D 27 206 F2A;V;11/06/2018;27;206;2A;3;0.72;1.32236;1.735032;301.3357151;51.205924;16.723322;5.835192;262.52712;109.8;180.69876
60;110618 7D 27 215 F4;V;11/06/2018;27;215;4;3;1.05;2.851971;2.085431;470.104587;68.143242;20.26359;6.42234;254.63484;95.2902;201.61512
60;110618 7D 27 215 F4;D;11/06/2018;27;215;4;3;0.98;28.953222;5.029768;424.5206375;64.821342;18.071136;7.374618;230.79348;44.01468;222.1758
61;110618 7D 27 225 F4;D;11/06/2018;27;225;4;4;1.24;6.004397;2.638764;507.1278687;66.04061;22.08298;7.937373;244.76544;81.70992;239.38236
61;110618 7D 27 225 F4;V;11/06/2018;27;225;4;4;1.22;14.762292;3.310617;500.3168888;67.248924;18.645535;7.791542;231.70176;43.8066;201.56976
62;110618 7D 28 227 F2A;D;11/06/2018;28;227;2A;2;0.63;19.856461;3.665578;231.3925601;47.344312;12.549327;5.744546;238.48848;37.15848;240.1524
62;110618 7D 28 227 F2A;V;11/06/2018;28;227;2A;2;0.64;18.067535;3.766287;260.7997137;45.859983;14.631243;5.281898;232.80912;45.54;240.1524
63;110618 7D 28 247 F4;V;11/06/2018;28;247;4;4;0.8;18.19006;4.122749;370.4461115;59.5309;15.94429;5.099675;230.80032;54.0324;239.38236
63;110618 7D 28 247 F4;D;11/06/2018;28;247;4;4;0.9;7.531613;2.975437;391.8415655;61.32099;14.69539;6.182055;236.92824;79.81668;201.61512
64;110618 7D 28 249 F2A;D;11/06/2018;28;249;2A;4;0.7;8.412161;2.934174;253.1462459;39.573521;16.563963;6.640179;239.77152;64.01808;240.53472
64;110618 7D 28 249 F2A;V;11/06/2018;28;249;2A;4;0.71;19.624273;4.399857;284.1832021;45.97047;15.299167;7.686068;230.29416;55.0782;224.06616
65;110618 7D 29 237 F4;V;11/06/2018;29;237;4;4;1.76;19.774647;4.284214;618.2982206;76.812318;22.461087;6.64378;227.18952;51.49224;205.74468
65;110618 7D 29 237 F4;D;11/06/2018;29;237;4;4;1.8;11.075531;3.343048;623.6237281;80.900798;23.304336;6.030508;235.11312;66.39696;240.66216
66;110618 7D 30 243 F2A;V;11/06/2018;30;243;2A;4;0.53;1.259448;1.706603;233.256065;41.790775;10.39915;6.34305;257.78736;110.65932;190.47924
66;110618 7D 30 243 F2A;D;11/06/2018;30;243;2A;4;0.58;-1.064824;0.885598;244.3275217;38.79185;13.4628;7.3355;295.06248;136.58796;180.69948
67;110618 7D 30 257 F4;D;11/06/2018;30;257;4;5;1.53;6.559471;2.806699;599.8218281;87.80376;24.19908;6.23922;238.37364;85.9914;201.7242
67;110618 7D 30 257 F4;V;11/06/2018;30;257;4;5;1.6;7.39185;2.888246;618.9408856;86.28816;23.16342;4.74888;238.12812;78.1722;196.06824
68;110618 7D 30 301 F4;V;11/06/2018;30;301;4;2;1.62;10.492365;3.215304;633.5229872;78.86408;19.786856;8.051692;239.26212;60.82164;240.53472
68;110618 7D 30 301 F4;D;11/06/2018;30;301;4;2;1.51;7.081334;2.721345;542.6745944;78.722408;14.63944;7.43778;242.95068;68.22072;240.1524
69;110618 7D 31 297 F2A;D;11/06/2018;31;297;2A;4;1.73;8.376473;2.794941;497.0940778;69.668976;21.253518;7.616544;246.22272;66.03156;239.53932
69;110618 7D 31 297 F2A;V;11/06/2018;31;297;2A;4;2.05;9.346546;3.06622;657.7633321;74.961354;24.333738;9.408672;236.82132;67.27032;201.70368
70;110618 7D 32 355 F2A;V;11/06/2018;32;355;2A;3;1.68;19.665841;3.959993;498.4248883;67.881606;19.52243;8.138266;235.09584;43.43904;240.66216
70;110618 7D 32 355 F2A;D;11/06/2018;32;355;2A;3;1.61;19.325152;3.997103;490.5213382;77.807468;17.828918;5.739124;239.13108;46.78992;240.66216
71;141118 7D 24 138 F1;D;14/11/2018;24;138;1;2;0.28;-1.332355;-0.327033;127.8292609;35.499597;7.362498;3.887193;330.07248;83.67804;240.1524
71;141118 7D 24 138 F1;V;14/11/2018;24;138;1;2;0.276;-1.535244;-0.048816;151.9065518;37.919439;10.528887;4.402053;341.91576;117.40716;180.69948
75;141118 7D 25 162 F1;D;14/11/2018;25;162;1;1;0.197;0.145265;-0.970797;78.55262417;22.6044;5.888736;4.75272;20.70288;86.40144;59.91804
75;141118 7D 25 162 F1;V;14/11/2018;25;162;1;1;0.215;-1.325702;-0.306676;104.8314318;23.949072;8.995392;5.123664;347.94612;110.73744;59.98968
76;141118 7D 25 172 F1;D;14/11/2018;25;172;1;2;0.37;9.372814;1.044266;155.9873045;34.127175;9.993555;5.986815;45.5112;26.47188;29.43612
76;141118 7D 25 172 F1;V;14/11/2018;25;172;1;2;0.338;11.362466;-2.060935;151.2390555;30.60963;9.807195;6.173175;52.1946;43.21224;59.62572
78;141118 7D 26 167 F2B;D;14/11/2018;26;167;2B;2;2.513;-1.475798;0.665748;503.1123155;59.982164;18.318388;8.84752;300.24396;151.89804;190.5264
78;141118 7D 26 167 F2B;V;14/11/2018;26;167;2B;2;1.927;-1.92125;0.130138;501.7278839;58.534388;18.016768;9.028492;345.00528;161.85096;187.71696
81;141118 7D 26 181 F2A;D;14/11/2018;26;181;2A;2;0.346;3.546468;-1.929477;139.1040602;31.212507;10.275225;6.189312;79.36956;80.73216;85.59612
81;141118 7D 26 181 F2A;V;14/11/2018;26;181;2A;2;0.264;4.50134;-1.750577;135.657687;35.975376;7.905879;4.932108;75.0762;67.29624;59.62608
82;141118 7D 26 186 F2A;D;14/11/2018;26;186;2A;2;0.65;7.902226;-1.214943;277.685379;62.981795;11.778958;4.778652;62.001;40.25556;70.31844
82;141118 7D 26 186 F2A;V;14/11/2018;26;186;2A;2;0.607;3.671903;-1.603158;287.4105918;60.99069;11.129229;4.778652;55.54692;68.5044;59.91804
83;141118 7D 26 195 F1;V;14/11/2018;26;195;1;1;0.302;5.607415;-2.29092;126.7350338;26.105652;9.430722;4.439286;35.64072;55.68264;60.55668
83;141118 7D 26 195 F1;D;14/11/2018;26;195;1;1;0.311;19.825032;-2.184425;118.3659968;26.547372;7.376724;5.63193;63.99396;31.88412;60.55668
84;141118 7D 26 197 F1;D;14/11/2018;26;197;1;1;0.533;-0.910611;-0.484574;153.9325995;28.909661;11.53724;5.191758;351.32256;88.66512;59.91804
84;141118 7D 26 197 F1;V;14/11/2018;26;197;1;1;0.418;-0.762173;-0.578265;163.5332041;28.798726;12.42472;4.925514;343.78308;69.60528;26.3412
85;141118 7D 26 198 F1;D;14/11/2018;26;198;1;2;0.444;-1.547635;-0.391926;165.8786793;35.44317;10.51785;5.27877;20.2518;137.56824;159.34392
85;141118 7D 26 198 F1;V;14/11/2018;26;198;1;2;0.325;-0.65103;1.024162;156.7112437;34.113555;7.938;5.63598;281.3382;122.65704;190.49508
88;141118 7D 27 237 F2B;D;14/11/2018;27;237;2B;2;7.919;0.388556;1.490279;990.6804754;76.97606;32.05335;11.69287;255.50424;120.4992;197.55144
88;141118 7D 27 237 F2B;V;14/11/2018;27;237;2B;2;6.02;-1.13475;0.801165;876.7956787;70.44534;29.02809;11.11663;289.09188;129.8502;196.13448
90;141118 7D 27 243 F2A;D;14/11/2018;27;243;2A;2;0.63;-1.582263;0.380267;240.2675892;40.83783;11.5852;8.00432;318.91068;131.73012;180.69984
90;141118 7D 27 243 F2A;V;14/11/2018;27;243;2A;2;0.55;-1.323156;0.275163;233.1595032;45.34026;12.00648;5.45031;318.61476;108.39312;180.69876
91;141118 7D 28 227 F2A;D;14/11/2018;28;227;2A;3;0.518;-0.40231;-0.83464;182.6261875;40.578304;11.284416;5.927168;7.79364;94.779;60.55668
91;141118 7D 28 227 F2A;V;14/11/2018;28;227;2A;3;0.507;3.239677;-1.556439;206.7830304;39.068016;12.908688;6.525584;49.6548;71.20296;60.21468
92;141118 7D 28 230 F1;D;14/11/2018;28;230;1;1;0.37;15.367345;-2.817979;164.3319606;33.23947;9.63105;5.23534;38.08944;37.61676;32.66604
92;141118 7D 28 230 F1;V;14/11/2018;28;230;1;1;0.414;7.491146;-1.662862;157.9560517;32.720875;9.803915;4.64266;51.8454;47.13588;59.91804
96;121218 7D 27 171 F2B;D;12/12/2018;27;171;2B;3;4.146;105.126113;8.345281;776.8485002;69.201006;27.500163;9.612768;216.67968;23.11164;212.70276
96;121218 7D 27 171 F2B;V;12/12/2018;27;171;2B;3;4.997;69.309164;7.59555;984.6866122;73.46121;33.617379;11.19669;212.39316;32.96808;201.70368
97;121218 7D 27 189 F1;V;12/12/2018;27;189;1;2;0.445;73.368895;7.295728;204.3844497;39.131352;13.536848;4.392752;223.893;28.56492;228.11148
97;121218 7D 27 189 F1;D;12/12/2018;27;189;1;2;0.446;27.958679;4.873786;186.1093509;36.957388;12.55072;5.759884;237.49416;35.793;231.75792
98;121218 7D 27 226 F1;V;12/12/2018;27;226;1;3;0.425;2.992548;2.051705;214.768835;35.650818;12.894042;5.886888;254.46924;84.11868;240.53472
98;121218 7D 27 226 F1;D;12/12/2018;27;226;1;3;0.417;2.05031;1.869363;179.9411303;35.233464;12.257028;5.908854;258.43032;94.36464;203.00976
100;121218 7D 28 255 F1;V;12/12/2018;28;255;1;2;0.716;11.524926;3.489942;355.3525175;41.05556;20.211968;7.308792;232.12476;66.9618;201.65724
100;121218 7D 28 255 F1;D;12/12/2018;28;255;1;2;0.778;10.555494;3.228142;301.2735724;48.38691;11.50458;7.55693;239.1588;60.05088;239.38236
105;121218 7D 29 336 F1;D;12/12/2018;29;336;1;3;0.52;26.845505;4.522908;186.9290525;39.184369;12.53554;4.690021;229.13208;33.741;219.41028
105;121218 7D 29 336 F1;V;12/12/2018;29;336;1;3;0.492;11.548338;3.247225;210.1875125;40.351471;11.368438;6.202931;240.98112;50.65164;223.92756
107;121218 7D 30 279 F1;D;12/12/2018;30;279;1;3;0.426;18.573488;3.998774;202.819846;44.805743;11.352736;5.112905;243.01008;29.87532;234.57996
107;121218 7D 30 279 F1;V;12/12/2018;30;279;1;3;0.414;14.30463;3.565349;221.2312494;43.845769;11.206653;5.572023;244.42704;36.60552;231.75792
108;121218 7D 30 313 F1;V;12/12/2018;30;313;1;2;0.604;15.19942;3.824462;256.2296831;48.479184;14.785824;5.517424;235.34712;54.75348;223.55856
108;121218 7D 30 313 F1;D;12/12/2018;30;313;1;2;0.635;29.412882;5.033041;236.239732;41.020848;11.078464;6.171664;229.4622;40.79556;219.744
113;121218 7D 31 322 F1;V;12/12/2018;31;322;1;2;0.624;0.34978;1.298769;196.8553477;35.711235;10.692405;6.01011;272.62332;86.40648;240.53472
113;121218 7D 31 322 F1;D;12/12/2018;31;322;1;2;0.522;4.013102;2.083944;221.9901358;44.67981;10.38957;5.68398;256.07916;58.37076;239.9706
115;121218 7D 32 297 F2B;D;12/12/2018;32;297;2B;3;9.159;13.987731;1.332031;1219.172608;86.214638;35.803895;13.437159;218.439;16.578;202.81644
115;121218 7D 32 297 F2B;V;12/12/2018;32;297;2B;3;7.984;49.465676;6.089831;1344.44706;85.415826;38.485621;14.150384;217.87884;34.35048;201.65724
116;121218 7D 35 456 F3A;D;12/12/2018;35;456;3A;5;40.708;3.099542;2.071248;2931.484659;124.909184;51.010256;22.846128;248.95584;86.59224;203.08932
116;121218 7D 35 456 F3A;V;12/12/2018;35;456;3A;5;32.518;-0.227976;1.131781;2650.77301;116.868368;50.754992;22.165424;273.96252;107.78976;190.47924
117;210119 7D 22 91 F2A;D;21/01/2019;22;91;2A;3;1.52;59.857324;6.568829;423.258883;60.11525;17.05912;5.603195;223.7436;30.06252;224.07984
117;210119 7D 22 91 F2A;V;21/01/2019;22;91;2A;3;1.52;11.283057;3.367594;402.8731532;59.93377;15.312375;7.599475;237.44556;65.31192;239.38236
118;210119 7D 22 96 F1;D;21/01/2019;22;96;1;2;0.178;78.937485;8.048589;107.6570553;26.412781;9.282824;3.992401;220.47624;30.03912;209.9826
118;210119 7D 22 96 F1;V;21/01/2019;22;96;1;2;0.178;7.421409;2.933504;118.8476893;29.461166;11.505195;4.700413;245.39652;71.39556;223.8354
119;210119 7D 22 99 F1;D;21/01/2019;22;99;1;3;0.305;23.899772;4.838196;131.3634504;24.935896;12.479376;6.079696;225.17604;51.14736;216.95508
119;210119 7D 22 99 F1;V;21/01/2019;22;99;1;3;0.213;9.186023;3.288974;123.6622777;28.867128;10.193776;5.576864;228.20292;81.0072;201.71448
121;210119 7D 22 108 F2A;V;21/01/2019;22;108;2A;2;0.275;29.803976;5.385256;141.1827863;29.100336;11.42019;4.962848;226.53324;49.18896;223.92756
121;210119 7D 22 108 F2A;D;21/01/2019;22;108;2A;2;0.275;95.818134;8.5202;133.2617291;33.668412;11.13821;5.329422;223.24428;25.28604;230.9004
122;210119 7D 23 104 F4A;D;21/01/2019;23;104;4A;3;0.643;5.295181;2.595625;361.9675288;68.951286;14.009904;4.719438;239.96628;85.42296;203.00976
122;210119 7D 23 104 F4A;V;21/01/2019;23;104;4A;3;0.794;2.724842;2.10583;429.376217;75.659418;20.094714;5.550534;247.07088;103.80636;198.89136
123;210119 7D 23 108 F1;D;21/01/2019;23;108;1;3;0.333;102.064196;4.753953;179.2597534;38.82798;10.26126;5.21892;217.52748;12.67668;223.55856
123;210119 7D 23 108 F1;V;21/01/2019;23;108;1;3;0.249;81.994549;8.376774;155.0244238;31.23504;11.41884;5.08158;220.57416;27.74448;221.13864
124;210119 7D 23 110 F2A;D;21/01/2019;23;110;2A;3;1.06;11.16969;3.268666;328.140625;55.6;16.45;5.6;241.80588;59.49036;240.1524
124;210119 7D 23 110 F2A;V;21/01/2019;23;110;2A;3;0.877;6.983185;2.469727;345.119375;63.2;17.225;4.55;246.11796;60.88356;239.38236
125;210119 7D 23 115 F1;V;21/01/2019;23;115;1;3;0.277;11.984653;3.656226;145.9766931;31.121734;11.725812;4.72815;225.26964;74.05848;200.30976
125;210119 7D 23 115 F1;D;21/01/2019;23;115;1;3;0.36;65.132413;7.828894;172.4181111;39.149082;9.729482;5.547696;210.73068;36.74808;203.10408
126;210119 7D 23 117 F2A;V;21/01/2019;23;117;2A;3;0.885;16.458143;3.994108;424.2520243;69.955375;18.5535;5.26225;234.84528;57.06792;224.01288
126;210119 7D 23 117 F2A;D;21/01/2019;23;117;2A;3;0.868;17.51965;4.050996;359.2250584;67.8125;15.759625;4.801125;229.76604;55.53936;201.61512
128;210119 7D 24 107 F4A;D;21/01/2019;24;107;4A;4;0.902;3.974274;2.363666;379.7767997;71.26007;13.1698;5.66874;239.73192;96.26868;197.49204
128;210119 7D 24 107 F4A;V;21/01/2019;24;107;4A;4;1.297;2.349909;2.047041;565.7516522;68.59748;27.08398;7.04298;246.26808;109.87668;196.11072
129;210119 7D 24 119 F4A;V;21/01/2019;24;119;4A;3;1.311;7.361675;2.968717;625.8777632;77.364305;18.74275;8.70817;232.04484;80.5554;201.65724
129;210119 7D 24 119 F4A;D;21/01/2019;24;119;4A;3;1.445;6.679666;2.842312;586.441747;83.50616;19.78081;7.26642;236.04408;81.07416;201.65724
130;210119 7D 24 127 F4B (1);D;21/01/2019;24;127;4B;3;0.279;14.076379;3.619661;189.226911;51.234066;13.057772;4.052412;234.83052;54.6048;219.41028
130;210119 7D 24 127 F4B (1);V;21/01/2019;24;127;4B;3;0.264;3.42434;2.173682;209.316916;53.774864;11.513996;3.473496;247.0644;84.01284;202.81644
131;210119 7D 24 127 F4B (2);V;21/01/2019;24;127;4B;3;0.712;1.731659;1.842881;401.0524053;76.908528;15.053472;5.036688;255.98052;100.17684;201.61512
131;210119 7D 24 127 F4B (2);D;21/01/2019;24;127;4B;3;0.752;2.042576;1.878124;374.0139949;70.400448;14.346072;6.338304;257.5404;94.15944;212.83488
132;210119 7D 24 132 F4A;D;21/01/2019;24;132;4A;4;0.942;-1.745736;-0.141277;375.8112866;55.262272;14.475968;6.709664;1.3968;131.96304;160.227
132;210119 7D 24 132 F4A;V;21/01/2019;24;132;4A;4;1.139;-1.819777;-0.173207;464.7772444;61.4172;21.846032;6.841744;1.32624;140.07384;160.227
133;210119 7D 25 128 F2A;D;21/01/2019;25;128;2A;3;1.111;48.629481;6.508169;436.6702849;63.739668;18.689418;7.311012;224.2998;34.79868;219.41028
133;210119 7D 25 128 F2A;V;21/01/2019;25;128;2A;3;1.09;13.133299;3.751993;433.3740049;67.086258;18.329016;5.560488;227.94228;66.47004;201.68352
134;210119 7D 25 133 F4B;D;21/01/2019;25;133;4B;2;1.253;6.084855;2.700244;456.360653;63.781713;16.323282;6.784574;236.646;78.57072;201.61512
134;210119 7D 25 133 F4B;V;21/01/2019;25;133;4B;2;1.411;5.347852;2.650266;562.3782287;68.148023;22.570464;7.38914;234.41472;90.83916;198.8856
135;210119 7D 25 134 F4B;V;21/01/2019;25;134;4B;4;2.444;49.672788;6.834813;695.1167553;72.384858;19.384155;9.731106;214.03512;40.39992;201.61512
135;210119 7D 25 134 F4B;D;21/01/2019;25;134;4B;4;1.562;6.656341;2.814344;507.8346951;65.854089;17.068464;7.571529;235.56528;76.21128;201.61512
136;210119 7D 25 135 F4B;V;21/01/2019;25;135;4B;5;1.51;27.896327;5.164823;709.7117438;86.638815;21.295953;7.451379;218.57328;51.65136;201.65724
136;210119 7D 25 135 F4B;D;21/01/2019;25;135;4B;5;1.7;3.83711;2.345634;576.0236882;75.704247;19.135494;8.156835;244.37484;94.97376;201.70368
137;210119 7D 25 140 F2A;D;21/01/2019;25;140;2A;5;0.91;62.239752;6.558249;383.2193295;65.523564;16.74603;5.817042;229.01184;25.326;223.55856
137;210119 7D 25 140 F2A;V;21/01/2019;25;140;2A;5;0.768;8.702077;3.046767;404.5078126;66.883392;18.408042;5.16231;242.92296;69.71688;239.38236
138;210119 7D 25 144 F4A;V;21/01/2019;25;144;4A;5;1.089;4.368287;2.406005;498.4370663;84.336592;13.610046;8.48588;239.8554;88.37172;201.68352
138;210119 7D 25 144 F4A;D;21/01/2019;25;144;4A;5;1.175;5.736165;2.655871;430.161635;75.88335;14.458634;6.233858;238.19364;82.03068;201.65724
139;210119 7D 25 149 F2A;D;21/01/2019;25;149;2A;3;0.326;12.834631;3.57382;192.7804129;42.195;12.97375;3.95275;240.82632;62.18604;231.85548
139;210119 7D 25 149 F2A;V;21/01/2019;25;149;2A;3;0.285;14.369426;3.54909;173.4625598;41.6615;13.60425;4.074;239.54472;46.07676;227.7072
140;210119 7D 27 158 F4B;D;21/01/2019;27;158;4B;5;1.224;-0.423148;1.199141;450.604247;70.147156;16.087712;6.50606;277.27272;123.80076;201.65724
140;210119 7D 27 158 F4B;V;21/01/2019;27;158;4B;5;1.405;21.155281;4.55611;528.2242774;72.276412;22.830356;6.624352;221.71032;55.45548;201.65724
141;210119 7D 27 169 F4B;D;21/01/2019;27;169;4B;3;1.591;3.225366;2.21282;673.5235782;71.247435;23.569728;9.660189;248.97096;96.98688;201.65724
141;210119 7D 27 169 F4B;V;21/01/2019;27;169;4B;3;0.899;18.584763;4.379447;464.1068026;70.737513;17.762283;8.640345;221.99724;61.0956;201.69
142;200219 7D 25 168 F2A;V;20/02/2019;25;168;2A;3;1.27;-1.188006;-0.630341;478.7609849;76.955529;16.50378;5.456895;26.80488;115.38972;132.282
142;200219 7D 25 168 F2A;D;20/02/2019;25;168;2A;3;1.298;-1.852735;0.174156;430.3223518;76.476387;14.267784;6.175608;343.51668;143.73432;160.227
143;200219 7D 27 199 F4;D;20/02/2019;27;199;4;2;0.408;1.852465;1.332231;166.9818622;30.467421;14.371425;5.045967;268.12332;60.38712;240.1524
143;200219 7D 27 199 F4;V;20/02/2019;27;199;4;2;0.303;23.32107;4.435018;147.6646513;31.020987;9.921606;5.556951;236.96352;44.60688;240.53472
148;150318 7D 30 284 F4;V;15/03/2018;30;284;4;4;1.412;13.856204;3.578779;497.4109968;82.12694;16.42032;6.81646;239.93352;52.05672;223.8354
148;150318 7D 30 284 F4;D;15/03/2018;30;284;4;4;1.534;12.301775;3.43903;568.2125892;86.86552;19.48646;7.42462;234.14004;54.9792;212.92164
149;141118 7D 25 120 F1;V;14/11/2018;25;120;1;2;0.09;5.325635;1.77747;56.94571136;21.188728;5.58877;3.669149;48.11472;28.32624;34.62228
149;141118 7D 25 120 F1;D;14/11/2018;25;120;1;2;0.541;18.555438;-0.367759;186.7400828;43.25222;8.844836;4.422418;49.8636;25.12728;43.35192
150;210119 7D 24 128 F4A;V;21/01/2019;24;128;4A;3;1.551;1.012166;1.626793;643.305935;71.297625;23.281475;9.2036;261.15372;103.50288;191.8764
150;210119 7D 24 128 F4A;D;21/01/2019;24;128;4A;3;1.114;1.409501;1.711536;468.9100074;67.5738;14.017325;7.3871;258.17508;97.551;191.85336
151;200219 7D 21 83 F2A;V;20/02/2019;21;83;2A;3;0.62;-1.751577;-0.105271;300.6684354;49.057754;15.729552;5.267458;353.38896;124.461;132.282
151;200219 7D 21 83 F2A;D;20/02/2019;21;83;2A;3;0.551;-1.684895;0.290426;264.1204476;51.169592;15.462538;4.73343;330.91416;130.54716;159.5682
152;200219 7D 21 72 F1;D;20/02/2019;21;72;1;2;0.634;-0.59457;1.034894;277.2877376;61.410624;13.433574;5.495553;290.1492;116.31564;180.69732
152;200219 7D 21 72 F1;V;20/02/2019;21;72;1;2;0.6;-1.169988;0.7996;259.6968487;50.739365;10.991106;4.332473;300.294;127.98072;180.69876
153;071217 7D 31 342 F2B;V;07/12/2017;31;342;2B;3;20.46;4.468326;2.518773;1955.188723;110.052014;43.448232;15.198461;230.28156;99.83592;187.7166
153;071217 7D 31 342 F2B;D;07/12/2017;31;342;2B;3;21.14;3.318138;2.291458;1778.15023;113.967407;36.964678;16.461491;234.27504;108.44496;190.5156
154;200219 7D 22 104 F4;V;20/02/2019;22;104;4;2;0.56;33.798793;5.263597;231.2073029;41.312814;14.061362;7.187994;229.40892;38.2338;223.55856
154;200219 7D 22 104 F4;D;20/02/2019;22;104;4;2;0.618;21.877603;3.969345;247.3777389;47.968364;14.5212;4.913006;239.47776;34.88508;231.85548
155;200219 7D 22 110 F4;V;20/02/2019;22;110;4;2;0.543;6.719191;2.676429;286.2249781;60.470652;13.451196;5.638512;245.19708;70.26264;222.53328
155;200219 7D 22 110 F4;D;20/02/2019;22;110;4;2;0.668;4.13449;1.980993;286.7375814;55.5489;12.399948;7.52598;254.27232;51.39036;240.1524
156;200219 7D 23 96 F2A;D;20/02/2019;23;96;2A;3;0.592;3.46005;2.059124;278.973793;51.836715;14.381955;5.10237;255.40488;69.17184;239.38236
156;200219 7D 23 96 F2A;V;20/02/2019;23;96;2A;3;0.553;-0.450201;0.982993;309.439222;54.864495;14.35392;5.15844;284.0202;82.81008;240.53472
157;200219 7D 23 125 F1;D;20/02/2019;23;125;1;3;1.178;12.50391;3.140321;440.0056104;72.384613;13.987239;5.678246;246.30624;46.12032;240.66216
157;200219 7D 23 125 F1;V;20/02/2019;23;125;1;3;1.291;1.286205;1.40841;509.7186722;72.697177;17.633819;7.631771;263.8548;65.29356;240.1524
158;200219 7D 23 132 F1;D;20/02/2019;23;132;1;2;0.36;31.972561;4.961293;167.7915361;34.115601;15.518997;5.325788;235.13976;36.31104;222.09624
158;200219 7D 23 132 F1;V;20/02/2019;23;132;1;2;0.293;7.218415;2.682642;139.5961702;33.700888;10.302344;4.278092;247.90572;62.16408;231.85548
159;200219 7D 24 118 F2A;D;20/02/2019;24;118;2A;3;0.74;-1.725932;0.009225;310.4619699;38.89347;15.6618;14.121723;348.633;125.9028;240.66216
159;200219 7D 24 118 F2A;V;20/02/2019;24;118;2A;3;0.945;-1.760279;-0.041892;500.6661402;67.580667;22.109241;5.925381;349.65216;126.00504;160.63848
160;200219 7D 24 137 F1;D;20/02/2019;24;137;1;3;0.63;6.314276;2.703944;273.2850032;43.57815;16.44685;6.79483;241.24284;78.02496;196.00344
160;200219 7D 24 137 F1;V;20/02/2019;24;137;1;3;0.44;9.039136;3.150845;209.5003626;42.28161;9.45994;5.57032;230.87988;72.1476;201.61512
163;200219 7D 24 154 F4;V;20/02/2019;24;154;4;4;0.935;0.769564;1.394331;354.5964254;56.380714;19.21517;6.56721;280.52532;93.92904;240.66216
163;200219 7D 24 154 F4;D;20/02/2019;24;154;4;4;1.091;2.383086;1.895489;394.7139778;62.801986;16.78287;6.737471;265.15656;93.29976;239.47272
164;200219 7D 25 140 F4;D;20/02/2019;25;140;4;3;0.961;4.64005;2.363627;318.557566;55.222664;15.361234;6.138938;252.44604;79.24536;240.53472
164;200219 7D 25 140 F4;V;20/02/2019;25;140;4;3;1.127;0.634608;1.544727;427.4350796;57.750462;20.666832;6.777832;270.10656;113.4378;239.38236
165;200219 7D 25 143 F4;V;20/02/2019;24;143;4;3;1.441;7.361292;2.922429;499.4965267;75.094555;21.215168;6.986726;246.30516;77.61096;232.47576
165;200219 7D 25 143 F4;D;20/02/2019;24;143;4;3;1.293;31.952251;4.860413;360.8662973;55.154337;16.115368;6.910229;233.75664;36.67932;239.38236
166;200219 7D 25 153 F4;D;20/02/2019;25;153;4;3;1.041;30.231329;4.8545;402.6826992;62.133466;16.7734;6.925018;233.89704;39.22704;240.66216
166;200219 7D 25 153 F4;V;20/02/2019;25;153;4;3;1.017;3.011065;1.84679;458.3365705;66.686246;21.733534;6.70936;259.2864;68.45364;240.1524
167;200219 7D 25 162 F2A;D;20/02/2019;25;162;2A;4;1.124;-1.161968;0.673622;460.8300808;68.707353;20.010204;6.867909;300.50064;111.10428;191.85336
167;200219 7D 25 162 F2A;V;20/02/2019;25;162;2A;4;0.866;-1.195162;0.677463;372.1851625;63.139542;16.477329;6.330912;306.65088;114.75792;240.66216
169;200219 7D 26 157 F4;V;20/02/2019;26;157;4;3;0.798;1.717544;1.769531;347.7708092;61.908228;19.353608;6.150017;266.60952;95.24736;240.66216
169;200219 7D 26 157 F4;D;20/02/2019;26;157;4;3;0.741;6.723809;2.485884;292.6920891;47.043258;15.885115;5.479636;249.86124;58.31208;240.1524
170;200219 7D 26 172 F2A;D;20/02/2019;26;172;2A;3;1.123;-0.922526;0.858587;385.4176486;71.27148;18.63897;5.72033;295.73316;116.81064;191.85336
170;200219 7D 26 172 F2A;V;20/02/2019;26;172;2A;3;1.185;-1.611944;0.192032;489.6250532;75.76016;21.48545;8.45733;329.70636;119.30328;191.85336
171;200219 7D 27 181 F2A;D;20/02/2019;27;181;2A;4;1.119;-1.673657;0.132697;433.2911696;66.488163;19.8303;5.354181;340.97904;124.65828;159.5682
171;200219 7D 27 181 F2A;V;20/02/2019;27;181;2A;4;1.269;-1.73975;0.027879;476.6222929;62.012181;21.671685;8.102094;347.24268;128.52936;191.82852
172;200219 7D 28 210 F4;V;20/02/2019;28;210;4;3;1.863;4.370095;2.100516;615.1832496;85.94586;19.301646;7.52388;262.95048;67.23864;240.1524
172;200219 7D 28 210 F4;D;20/02/2019;28;210;4;3;2.138;5.131151;2.087888;645.3960872;84.585774;23.410842;7.408128;258.99804;61.83036;240.1524
173;200219 7D 33 321 F4;V;20/02/2019;33;321;4;5;1.405;4.429084;2.372301;489.5984033;57.596175;22.56345;7.909083;250.19352;85.3416;239.38236
173;200219 7D 33 321 F4;D;20/02/2019;33;321;4;5;1.515;1.980148;1.829558;481.4611165;57.216159;24.558534;9.334143;261.56808;95.22504;240.66216
174;200219 7D 34 382 F4;D;20/02/2019;34;382;4;5;2.397;-0.266539;1.148659;690.8147281;75.46178;24.24993;8.74156;282.97008;112.00896;191.85336
174;200219 7D 34 382 F4;V;20/02/2019;34;382;4;5;2.325;-1.635354;0.550551;802.9787034;71.90723;26.33;10.58466;315.89208;150.8724;159.55848
175;200219 7D 36 387 F4;D;20/02/2019;36;387;4;5;5.446;1.485175;1.550384;1135.588164;108.306954;25.915506;11.788512;268.59852;80.63712;240.1524
175;200219 7D 36 387 F4;V;20/02/2019;36;387;4;5;4.881;0.924714;1.420176;1208.518575;114.393414;26.74839;11.147832;277.06212;87.58944;239.56632
176;260319 7D 24 159 F1;D;26/03/2019;24;159;1;3;0.631;-1.517591;0.26454;237.6347573;42.69587;13.3189;5.5286;324.198;113.32692;191.85336
176;260319 7D 24 159 F1;V;26/03/2019;24;159;1;3;0.74;-1.60062;0.301637;288.4118737;48.04856;17.74178;5.83016;328.374;127.32048;180.69876
177;260319 7D 25 163 F2A;V;26/03/2019;25;163;2A;3;0.655;1.886865;1.552042;305.7766537;50.331546;15.698828;5.868252;265.45356;71.32572;239.38236
177;260319 7D 25 163 F2A;D;26/03/2019;25;163;2A;3;0.799;-0.028667;0.811746;276.0476342;48.77671;12.965326;6.119032;284.91732;64.35396;240.1524
178;260319 7D 25 170 F2A;V;26/03/2019;25;170;2A;3;1.038;1.92362;1.710473;387.7801778;58.037057;16.052803;5.51733;266.82588;83.23812;240.66216
178;260319 7D 25 170 F2A;D;26/03/2019;25;170;2A;3;0.889;0.35393;1.122171;412.7051563;64.841764;18.680103;6.226701;279.25308;77.15052;240.53472
179;260319 7D 25 174 F2B;V;26/03/2019;25;174;2B;3;1.1;-0.731902;1.045355;371.1521522;57.8046;18.937888;5.752934;284.49468;130.75488;190.5156
179;260319 7D 25 174 F2B;D;26/03/2019;25;174;2B;3;1.331;-1.437579;0.608432;396.2632051;56.208092;18.745206;6.551188;310.42152;136.5714;191.8944
180;260319 7D 25 174 F4;V;26/03/2019;25;174;4;2;0.983;7.796913;2.884265;399.2993098;69.54012;15.49908;4.828032;239.38776;76.22892;201.68352
180;260319 7D 25 174 F4;D;26/03/2019;25;174;4;2;1.044;0.553904;1.457024;393.4409834;63.066168;14.703552;5.870448;275.84064;105.26256;240.66216
181;260319 7D 26 167 F2A;D;26/03/2019;26;167;2A;3;0.619;7.713738;2.811095;292.400164;67.097844;14.382381;3.378813;247.98204;61.5906;231.85548
181;260319 7D 26 167 F2A;V;26/03/2019;26;167;2A;3;0.587;3.074349;2.13765;317.3429233;57.888336;16.684758;4.903764;249.88572;97.05024;190.47924
182;260319 7D 26 189 F2A;V;26/03/2019;26;189;2A;5;0.924;1.119248;1.310903;363.8452518;59.407647;18.481164;5.385783;276.40728;73.24992;240.039
182;260319 7D 26 189 F2A;D;26/03/2019;26;189;2A;5;0.972;1.051318;1.290458;329.1552046;57.794646;12.083838;5.823207;274.7808;68.8482;240.039
183;260319 7D 26 191 F2A;D;26/03/2019;26;191;2A;3;1.047;3.093169;2.002306;411.2266254;72.265856;19.434272;5.756192;254.5884;78.63444;240.66216
183;260319 7D 26 191 F2A;V;26/03/2019;26;191;2A;3;1.014;3.036403;2.020438;429.064313;72.009392;16.755648;5.442736;256.67856;84.87072;240.66216
184;260319 7D 27 183 F1;V;26/03/2019;27;183;1;4;0.3;-1.728667;-0.058704;160.6572381;33.481191;12.45471;4.835358;352.7874;131.47164;159.5682
184;260319 7D 27 183 F1;D;26/03/2019;27;183;1;4;0.307;-1.720837;-0.083771;150.6427372;28.108571;14.237443;6.227355;357.01452;130.0122;159.5682
185;260319 7D 27 184 F1;D;26/03/2019;27;184;1;3;0.446;1.53142;1.626829;183.4179551;36.80208;12.902634;4.184046;267.62436;82.08396;240.1524
185;260319 7D 27 184 F1;V;26/03/2019;27;184;1;3;0.448;0.373374;1.446011;196.9225365;40.613724;11.413026;6.002244;267.23988;114.0732;191.90772
186;260319 7D 27 192 F4;V;26/03/2019;27;192;4;3;1.092;1.887123;1.807833;459.4819249;68.084906;18.746398;5.419972;262.56456;96.64344;239.45436
186;260319 7D 27 192 F4;D;26/03/2019;27;192;4;3;1.226;0.346462;1.128892;462.2629598;70.459636;19.500724;5.112654;282.73752;83.64636;240.1524
187;260319 7D 27 195 F4;V;26/03/2019;27;195;4;3;0.386;24.329838;4.687539;164.9849728;33.200636;14.95627;4.635302;226.83564;48.84084;224.01288
187;260319 7D 27 195 F4;D;26/03/2019;27;195;4;3;0.353;-0.03286;1.288856;149.0152709;31.465252;10.868984;6.347852;278.30664;117.42588;180.69732
188;260319 7D 27 199 F1;D;26/03/2019;27;199;1;2;0.477;5.224104;2.343534;268.0365508;54.00672;14.517648;4.491648;255.90312;70.1406;240.1524
188;260319 7D 27 199 F1;V;26/03/2019;27;199;1;2;0.401;2.732763;1.986386;301.5970539;56.065392;15.667296;5.454144;260.71344;88.38468;240.66216
189;260319 7D 27 199 F2A;D;26/03/2019;27;199;2A;4;0.644;5.022498;2.48364;187.9577502;45.62425;10.29355;4.337675;241.44372;80.5122;219.88152
189;260319 7D 27 199 F2A;V;26/03/2019;27;199;2A;4;0.71;0.812609;1.617194;183.2863484;43.893675;9.866525;5.191725;261.333;114.61284;196.11072
190;260319 7D 27 200 F2A;D;26/03/2019;27;200;2A;4;0.966;7.64946;2.750266;373.4504814;70.723476;15.878352;4.18562;245.68848;66.35232;240.66216
190;260319 7D 27 200 F2A;V;26/03/2019;27;200;2A;4;0.992;-0.848329;0.932469;439.6837137;70.237404;18.875796;5.53582;301.63932;127.87776;180.69876
191;260319 7D 27 225 F2A;V;26/03/2019;27;255;2A;4;0.943;1.695722;1.76067;405.5730645;68.767352;19.663508;4.970803;260.15796;100.5174;180.69876
191;260319 7D 27 225 F2A;D;26/03/2019;27;255;2A;4;0.949;4.700605;2.223559;367.1329188;70.744688;16.917208;4.66871;255.38076;74.718;240.66216
192;260319 7D 28 207 F2A;D;26/03/2019;28;207;2A;3;1.176;2.871159;1.713117;381.8856979;61.319224;17.853096;6.554;265.66956;66.1302;240.1524
192;260319 7D 28 207 F2A;V;26/03/2019;28;207;2A;3;1.046;1.859003;1.367737;415.6565092;62.289216;19.163896;6.239408;271.13616;60.70752;240.1524
193;260319 7D 28 209 F4;V;26/03/2019;28;209;4;3;1.212;0.044603;1.318844;449.4701927;64.164464;19.28368;6.366256;279.88596;118.50192;191.90772
193;260319 7D 28 209 F4;D;26/03/2019;28;209;4;3;1.235;-0.044453;1.152856;376.8307798;52.43576;18.200624;9.139936;285.23664;103.05792;240.1524
194;260319 7D 28 233 F4;D;26/03/2019;28;233;4;4;0.848;2.18477;1.540683;316.3201531;54.542505;15.14622;5.20987;274.85748;71.29512;240.1524
194;260319 7D 28 233 F4;V;26/03/2019;28;233;4;4;0.747;0.719133;1.172745;317.1639466;48.98352;18.04656;5.075595;278.39628;73.29348;240.1524
195;260319 7D 28 243 F4;D;26/03/2019;28;243;4;5;1.33;0.648234;1.259694;510.0674121;65.89704;17.63184;8.34504;279.84348;85.03632;240.1524
195;260319 7D 28 243 F4;V;26/03/2019;28;243;4;5;0.994;1.093978;1.27458;490.0831519;67.8852;16.29768;7.7172;278.62092;76.2372;240.66216
196;260319 7D 29 203 F2A;V;26/03/2019;29;203;2A;4;1.211;-0.933033;0.960846;419.0966829;69.91251;18.627115;5.78549;291.70656;135.18792;180.69948
196;260319 7D 29 203 F2A;D;26/03/2019;29;203;2A;4;1.237;0.72853;1.586307;425.3260688;70.72356;16.518385;6.27212;264.61476;117.45684;190.47924
197;260319 7D 29 217 F1;V;26/03/2019;29;217;1;3;0.655;-1.409152;0.634903;264.1677446;38.618656;17.116232;7.159072;307.24272;131.47236;191.85336
197;260319 7D 29 217 F1;D;26/03/2019;29;217;1;3;0.402;-0.417808;1.09722;163.872557;34.837456;12.452752;4.53744;287.3124;115.30836;191.85336
198;260319 7D 29 219 F2A;D;26/03/2019;29;219;2A;3;0.4;0.36341;1.451754;169.7801304;37.98828;11.205348;5.041212;269.94528;117.53064;196.03728
198;260319 7D 29 219 F2A;V;26/03/2019;29;219;2A;3;0.459;-0.907547;0.968972;217.6400343;42.336624;14.502444;5.280132;286.71696;132.22728;190.47924
199;260319 7D 29 220 F1;V;26/03/2019;29;220;1;4;0.8;0.007411;1.314029;277.8444337;42.132926;16.082044;5.986376;270.52308;114.34932;190.45908
199;260319 7D 29 220 F1;D;26/03/2019;29;220;1;4;0.918;1.077452;1.604879;292.7096884;47.611982;13.849836;6.696624;262.24128;98.595;201.61512
200;260319 7D 29 222 F1;V;26/03/2019;29;222;1;4;0.428;0.260747;1.421188;233.4355586;49.560201;17.683452;4.65354;268.2054;119.21868;190.50696
200;260319 7D 29 222 F1;D;26/03/2019;29;222;1;4;0.478;-0.417464;1.123473;212.6864441;40.718475;12.099204;5.972043;277.25724;114.36912;190.45908
202;260319 7D 29 241 F4;D;26/03/2019;29;241;4;3;1.67;2.36552;1.732554;567.8540037;75.01707;18.51147;7.9461;266.96448;75.42504;239.38236
202;260319 7D 29 241 F4;V;26/03/2019;29;241;4;3;1.571;-0.379463;0.871345;603.2395365;58.33026;23.16141;9.74133;289.46124;84.67092;239.38236
204;260319 7D 29 259 F2A;V;26/03/2019;29;259;2A;4;1.158;7.666565;2.600441;425.7874981;68.968375;19.738775;6.023325;252.19548;55.602;240.53472
204;260319 7D 29 259 F2A;D;26/03/2019;29;259;2A;4;1.03;4.960168;2.108219;367.3536891;59.39885;14.65415;5.8408;255.89412;55.4202;240.1524
205;260319 7D 29 280 F2A;V;26/03/2019;29;280;2A;4;1.417;0.152555;1.336253;444.1348483;62.946324;15.66232;6.588976;277.01136;113.58216;191.85336
205;260319 7D 29 280 F2A;D;26/03/2019;29;280;2A;4;1.436;4.235321;2.240197;447.9377098;65.565712;16.931508;6.994036;256.90752;78.49188;240.53472
206;260319 7D 30 246 F1;V;26/03/2019;30;246;1;3;0.671;-0.003011;1.247629;251.4998874;43.138086;13.444566;5.691258;278.25048;108.19224;240.66216
206;260319 7D 30 246 F1;D;26/03/2019;30;246;1;3;0.548;-1.271675;0.599254;209.900096;42.175796;13.252108;4.454028;309.94092;116.29116;240.66216
207;260319 7D 30 260 F4;D;26/03/2019;30;260;4;3;1.796;-1.153257;0.703953;555.7582381;65.26261;20.68199;9.19758;307.41876;119.5596;240.66216
207;260319 7D 30 260 F4;V;26/03/2019;30;260;4;3;1.631;-1.488549;0.529438;571.9459108;68.20282;21.51128;7.23744;323.39412;132.96492;180.69984
389;270819 7D 15 34 F1;D;27/08/2019;15;34;1;1;0.057;-0.005503;0.755735;48.8;19.3;6;2.7;238.91364;5.7;240.05232
389;270819 7D 15 34 F1;V;27/08/2019;15;34;1;1;0.058;-0.736376;-0.005837;49;15.3;6.6;3;230.45112;9.5;235.17468
391;270819 7D 16 38 F1;D;27/08/2019;16;38;1;1;0.047;1.665272;0.262168;48.4;16.7;6.9;2.6;234.2016;6.6;231.8832
391;270819 7D 16 38 F1;V;27/08/2019;16;38;1;1;0.07;1.164803;0.343251;67.2;22.4;7.1;3;229.48236;8.6;231.2694
393;270819 7D 16 44 F1;D;27/08/2019;16;44;1;1;0.099;-0.624834;-0.010403;64;20.9;7.6;2.4;226.72152;10.4;231.47028
393;270819 7D 16 44 F1;V;27/08/2019;16;44;1;1;0.08;-0.298959;0.239951;73.7;24.5;8.9;2.2;236.16396;6.6;233.26452
397;270819 7D 17 38 F1;D;27/08/2019;17;38;1;1;0.062;-0.081163;0.416913;52.7;20.8;5.5;3.2;240.87636;5.1;239.91948
397;270819 7D 17 38 F1;V;27/08/2019;17;38;1;1;0.068;-0.540678;-0.210635;61.7;20.5;6.6;2.5;224.4528;11.2;231.51672
399;270819 7D 17 46 F1;D;27/08/2019;17;46;1;1;0.085;0.072019;0.339677;68;20.8;7.4;3.2;226.26972;9.6;221.46084
399;270819 7D 17 46 F1;V;27/08/2019;17;46;1;1;0.092;0.601762;0.397703;75.2;21.7;8.5;2.7;228.44736;8.1;223.04808
403;270819 7D 17 52 F1;D;27/08/2019;17;52;1;1;0.092;1.251266;0.985119;66;20.6;7.8;3.1;240.34428;5;240.02784
403;270819 7D 17 52 F1;V;27/08/2019;17;52;1;1;0.091;-0.185009;0.136364;71.4;17.1;11.2;4;245.0088;3.7;240.91488
405;270819 7D 17 53 F1;D;27/08/2019;17;53;1;1;0.073;0.248509;-0.627283;76.9;22.4;7.2;3.6;242.02296;5.2;239.94468
405;270819 7D 17 53 F1;V;27/08/2019;17;53;1;1;0.081;0.488514;0.171066;66.6;20;5.9;3.7;234.78048;5.9;235.29636
409;270819 7D 18 40 F1;D;27/08/2019;18;40;1;1;0.083;0.600147;-0.149628;71.8;17.1;11;3.6;237.30336;6.3;240.0156
409;270819 7D 18 40 F1;V;27/08/2019;18;40;1;1;0.06;-0.254261;-0.071987;56.3;18.5;6.5;2.4;229.69008;9;231.48576
411;270819 7D 18 52 F1;D;27/08/2019;18;52;1;1;0.117;0.042514;-0.140718;74;24.8;6.6;2.9;244.70568;4;239.94468
411;270819 7D 18 52 F1;V;27/08/2019;18;52;1;1;0.1;0.200184;0.148574;66;23.9;6.4;2.5;244.94256;4.8;240.00408
413;270819 7D 18 53 F1;D;27/08/2019;18;53;1;1;0.116;0.023281;0.497826;87.5;25.6;10.7;3.6;238.07448;5.9;240.02028
413;270819 7D 18 53 F1;V;27/08/2019;18;53;1;1;0.13;-0.057543;0.503601;100.8;27.8;8;4;238.4568;6.2;240.03576
415;270819 7D 18 53 F2A;D;27/08/2019;18;53;2A;1;0.086;-0.329369;0.332493;73.4;20.8;8.3;3.2;240.69168;5.7;240.03504
415;270819 7D 18 53 F2A;V;27/08/2019;18;53;2A;1;0.11;0.599138;0.75864;85.6;21.5;10.1;3.7;236.097;6.2;240.05016
417;270819 7D 18 54 F1;D;27/08/2019;18;54;1;1;NA;0.264854;0.031192;106.7;25.8;11;3.3;233.5482;7.6;231.291
417;270819 7D 18 54 F1;V;27/08/2019;18;54;1;1;0.098;-0.346361;-0.228571;86.3;22.7;9.1;3.6;234.35532;7.9;239.90508
419;270819 7D 18 58 F1;D;27/08/2019;18;58;1;1;0.11;1.095089;0.665522;83.9;24;7.8;3.7;234.97884;5.9;231.5412
419;270819 7D 18 58 F1;V;27/08/2019;18;58;1;1;0.148;58.973667;2.071707;106.4;24.7;7.7;4.5;234.36072;7.2;231.129
421;270819 7D 18 68 F2A;D;27/08/2019;18;68;2A;1;0.102;-0.66783;0.276511;87;19.3;9.9;3.4;229.82472;9.1;220.42368
421;270819 7D 18 68 F2A;V;27/08/2019;18;68;2A;1;0.114;-0.821548;0.07825;97.2;20.4;11;3.5;236.96028;5.9;240.82596
425;270819 7D 19 63 F1;D;27/08/2019;19;63;1;1;0.132;89.05501;4.156754;103.7;25.5;10;4.7;231.3306;13.4;239.94144
425;270819 7D 19 63 F1;V;27/08/2019;19;63;1;1;0.113;-0.457357;-0.383844;84.2;19;11.7;3.4;224.35056;11.7;220.3542
427;270819 7D 19 69 F2A;D;27/08/2019;19;69;2A;1;0.162;0.063198;0.260819;111;23.3;10.4;4.7;229.52088;8.9;231.3954
427;270819 7D 19 69 F2A;V;27/08/2019;19;69;2A;1;0.135;0.869896;0.728398;116.1;23.2;15.6;3.9;235.04724;5.7;231.34716
429;270819 7D 20 76 F2A;D;27/08/2019;20;76;2A;1;0.111;1.3058;0.973043;81.6;21.6;9.1;3.3;240.73848;4.7;240.02352
429;270819 7D 20 76 F2A;V;27/08/2019;20;76;2A;1;0.175;1.06539;0.911257;116.7;29.4;12.3;4.3;234.47232;6.5;233.18352
431;270819 7D 20 79 F2A;D;27/08/2019;20;79;2A;1;0.184;1.303068;1.043323;159.2;31;13.6;5.3;234.33048;5.3;233.35848
431;270819 7D 20 79 F2A;V;27/08/2019;20;79;2A;1;0.163;1.630943;0.663441;125;29.5;9.5;3.9;232.05492;6.1;233.31672
